rank_column,n_words_with_rank,share_of_lexicon
twitter_rank,5000,0.48914106828409315
google_rank,5000,0.48914106828409315
nyt_rank,5000,0.48914106828409315
lyrics_rank,5000,0.48914106828409315
